[
  {
    "id": "chat.healthit",
    "type": "ImplementationGuide",
    "url": "https://healthconnect.institute/ImplementationGuide/chat.healthit",
    "version": "1.0.0-rc1",
    "name": "ChatIG"
  },
  {
    "id": "hc-auth-identifier",
    "type": "StructureDefinition",
    "url": "https://healthconnect.institute/StructureDefinition/hc-auth-identifier",
    "version": "1.0.0-rc1",
    "name": "HCAuthIdentifier"
  },
  {
    "id": "hc-care-team",
    "type": "StructureDefinition",
    "url": "https://healthconnect.institute/StructureDefinition/hc-care-team",
    "version": "1.0.0-rc1",
    "name": "HCCareTeam"
  },
  {
    "id": "hc-communication",
    "type": "StructureDefinition",
    "url": "https://healthconnect.institute/StructureDefinition/hc-communication",
    "version": "1.0.0-rc1",
    "name": "HCCommunication"
  },
  {
    "id": "hc-encounter",
    "type": "StructureDefinition",
    "url": "https://healthconnect.institute/StructureDefinition/hc-encounter",
    "version": "1.0.0-rc1",
    "name": "HCEncounter"
  },
  {
    "id": "hc-practitioner",
    "type": "StructureDefinition",
    "url": "https://healthconnect.institute/StructureDefinition/hc-practitioner",
    "version": "1.0.0-rc1",
    "name": "HCPractitioner"
  }
]