{
  "package": "chat.healthit",
  "version": "1.0.0-rc1",
  "fhirVersion": "4.0.1",
  "extensions": [],
  "profiles": {
    "CareTeam": [
      {
        "url": "https://healthconnect.institute/StructureDefinition/hc-care-team",
        "title": "HCCareTeam"
      }
    ],
    "Communication": [
      {
        "url": "https://healthconnect.institute/StructureDefinition/hc-communication",
        "title": "HCCommunication"
      }
    ],
    "Encounter": [
      {
        "url": "https://healthconnect.institute/StructureDefinition/hc-encounter",
        "title": "HCEncounter"
      }
    ],
    "Practitioner": [
      {
        "url": "https://healthconnect.institute/StructureDefinition/hc-practitioner",
        "title": "HCPractitioner"
      }
    ]
  },
  "usage": {
    "http://hl7.org/fhir/StructureDefinition/display": [
      "Encounter"
    ],
    "http://hl7.org/fhir/StructureDefinition/elementdefinition-bestpractice": [
      "StructureDefinition.snapshot.element.constraint"
    ],
    "http://hl7.org/fhir/StructureDefinition/elementdefinition-bestpractice-explanation": [
      "StructureDefinition.snapshot.element.constraint"
    ],
    "http://hl7.org/fhir/StructureDefinition/elementdefinition-bindingName": [
      "StructureDefinition.snapshot.element.binding"
    ],
    "http://hl7.org/fhir/StructureDefinition/elementdefinition-isCommonBinding": [
      "StructureDefinition.snapshot.element.binding"
    ],
    "http://hl7.org/fhir/StructureDefinition/elementdefinition-maxValueSet": [
      "StructureDefinition.snapshot.element.binding"
    ],
    "http://hl7.org/fhir/StructureDefinition/structuredefinition-category": [
      "StructureDefinition"
    ],
    "http://hl7.org/fhir/StructureDefinition/structuredefinition-explicit-type-name": [
      "StructureDefinition.snapshot.element"
    ],
    "http://hl7.org/fhir/StructureDefinition/structuredefinition-fhir-type": [
      "StructureDefinition.snapshot.element.type"
    ],
    "http://hl7.org/fhir/StructureDefinition/structuredefinition-hierarchy": [
      "StructureDefinition.snapshot.element.type"
    ],
    "http://hl7.org/fhir/StructureDefinition/structuredefinition-security-category": [
      "StructureDefinition"
    ],
    "http://hl7.org/fhir/tools/StructureDefinition/ig-parameter": [
      "ImplementationGuide.definition"
    ],
    "http://hl7.org/fhir/tools/StructureDefinition/resource-information": [
      "ImplementationGuide.definition.resource"
    ]
  }
}